pair,community,is_comm_a,score_BASE,score_A,score_C,score_D,delta_C_BASE,delta_C_A,delta_D_C
politics_vs_Conservative,politics,True,0.5484027579426766,0.4537179499864578,0.5135590776801109,0.4211049105972052,-0.03484368026256568,0.05984112769365307,-0.09245416708290571
politics_vs_Conservative,Conservative,False,0.5484027579426766,0.44713238403201105,0.5195085018873214,0.5141706451773643,-0.028894256055355116,0.0723761178553104,-0.005337856709957123
worldnews_vs_Sino,worldnews,True,0.7265039712190628,0.8051364094018936,0.624244225025177,0.6017711400985718,-0.10225974619388589,-0.1808921843767166,-0.022473084926605158
worldnews_vs_Sino,Sino,False,0.7265039712190628,0.5152255609631539,0.5637405008077622,0.5016713991761208,-0.16276347041130068,0.04851493984460831,-0.062069101631641366
climate_vs_climateskeptics,climate,True,0.25718857571482656,0.22788326740264891,0.40251514613628386,0.14883597232401372,0.1453265704214573,0.17463187873363495,-0.2536791738122701
climate_vs_climateskeptics,climateskeptics,False,0.25718857571482656,0.19487741603516043,0.18000983111560345,0.1727406457066536,-0.07717874459922311,-0.014867584919556975,-0.0072691854089498575
