pair,alpha,sim_community_a,sim_community_b,preferred_community,margin
worldnews_vs_Sino,0.0,0.12375509738922119,0.1786610335111618,Sino,-0.05490593612194061
worldnews_vs_Sino,0.25,0.09323646873235703,0.1584397852420807,Sino,-0.06520331650972366
worldnews_vs_Sino,0.5,0.08783799409866333,0.1679438054561615,Sino,-0.08010581135749817
worldnews_vs_Sino,0.75,0.12396211922168732,0.19468659162521362,Sino,-0.0707244724035263
worldnews_vs_Sino,1.0,0.11169403791427612,0.1742585003376007,Sino,-0.06256446242332458
