pair,alpha,sim_community_a,sim_community_b,preferred_community,margin
politics_vs_Conservative,0.0,0.08470994234085083,0.09619547426700592,Conservative,-0.01148553192615509
politics_vs_Conservative,0.25,0.05953758582472801,0.07252706587314606,Conservative,-0.012989480048418045
politics_vs_Conservative,0.5,0.07772953063249588,0.0829828530550003,Conservative,-0.005253322422504425
politics_vs_Conservative,0.75,0.09066729992628098,0.09125249087810516,Conservative,-0.0005851909518241882
politics_vs_Conservative,1.0,0.1387951523065567,0.13378243148326874,politics,0.005012720823287964
