pair,alpha,sim_community_a,sim_community_b,preferred_community,margin
climate_vs_climateskeptics,0.0,0.19067679345607758,0.17436112463474274,climate,0.01631566882133484
climate_vs_climateskeptics,0.25,0.1659603863954544,0.14357413351535797,climate,0.022386252880096436
climate_vs_climateskeptics,0.5,0.17005695402622223,0.14774933457374573,climate,0.0223076194524765
climate_vs_climateskeptics,0.75,0.1495039314031601,0.13008210062980652,climate,0.019421830773353577
climate_vs_climateskeptics,1.0,0.21233981847763062,0.18757787346839905,climate,0.024761945009231567
