pair,alpha,sim_community_a,sim_community_b,preferred_community,margin
climate_vs_climateskeptics,0.0,0.20050516724586487,0.19500136375427246,climate,0.005503803491592407
climate_vs_climateskeptics,0.25,0.16791164875030518,0.1462375968694687,climate,0.021674051880836487
climate_vs_climateskeptics,0.5,0.18893297016620636,0.16139885783195496,climate,0.027534112334251404
climate_vs_climateskeptics,0.75,0.1914246380329132,0.1682102084159851,climate,0.0232144296169281
climate_vs_climateskeptics,1.0,0.19640733301639557,0.16745242476463318,climate,0.02895490825176239
