pair,alpha,sim_community_a,sim_community_b,preferred_community,margin
politics_vs_Conservative,0.0,0.1044885665178299,0.11170276999473572,Conservative,-0.007214203476905823
politics_vs_Conservative,0.25,0.07242687046527863,0.07194691896438599,politics,0.00047995150089263916
politics_vs_Conservative,0.5,0.07309485226869583,0.07978783547878265,Conservative,-0.0066929832100868225
politics_vs_Conservative,0.75,0.10002337396144867,0.09364107996225357,politics,0.006382293999195099
politics_vs_Conservative,1.0,0.10758211463689804,0.1078176274895668,Conservative,-0.0002355128526687622
