pair,alpha,sim_community_a,sim_community_b,preferred_community,margin
worldnews_vs_Sino,0.0,0.10302118957042694,0.20001855492591858,Sino,-0.09699736535549164
worldnews_vs_Sino,0.25,0.11242236196994781,0.16159282624721527,Sino,-0.049170464277267456
worldnews_vs_Sino,0.5,0.14639927446842194,0.17412106692790985,Sino,-0.027721792459487915
worldnews_vs_Sino,0.75,0.13885219395160675,0.20244070887565613,Sino,-0.06358851492404938
worldnews_vs_Sino,1.0,0.14529243111610413,0.22225569188594818,Sino,-0.07696326076984406
