pair,alpha,sim_community_a,sim_community_b,preferred_community,margin
climate_vs_climateskeptics,0.0,0.04653481775305029,0.044718520527699056,climate,0.0018162972253512322
climate_vs_climateskeptics,0.25,0.050124992807289326,0.04912711668327137,climate,0.0009978761240179573
climate_vs_climateskeptics,0.5,0.05019411770241785,0.04655949946262682,climate,0.0036346182397910265
climate_vs_climateskeptics,0.75,0.050596519345709655,0.04739983737021405,climate,0.0031966819754956077
climate_vs_climateskeptics,1.0,0.05021917539170344,0.04683829650323719,climate,0.003380878888466249
