pair,alpha,sim_community_a,sim_community_b,preferred_community,margin
politics_vs_Conservative,0.0,0.04608698250933359,0.04816578356307761,Conservative,-0.0020788010537440213
politics_vs_Conservative,0.25,0.0440055746887623,0.046712537107448014,Conservative,-0.0027069624186857114
politics_vs_Conservative,0.5,0.044270257472924075,0.04560528053245503,Conservative,-0.0013350230595309542
politics_vs_Conservative,0.75,0.04004952572877736,0.04087868546441411,Conservative,-0.0008291597356367489
politics_vs_Conservative,1.0,0.044321104159987953,0.046284787471515224,Conservative,-0.00196368331152727
