pair,alpha,sim_community_a,sim_community_b,preferred_community,margin
worldnews_vs_Sino,0.0,0.043620112752762695,0.05007174230931462,Sino,-0.006451629556551923
worldnews_vs_Sino,0.25,0.04115143279260771,0.04283754599579598,Sino,-0.0016861132031882678
worldnews_vs_Sino,0.5,0.041959199373398516,0.04443369145071489,Sino,-0.0024744920773163773
worldnews_vs_Sino,0.75,0.044218047479487606,0.048433077900202605,Sino,-0.004215030420714999
worldnews_vs_Sino,1.0,0.04800282877515687,0.05034546072460609,Sino,-0.0023426319494492254
